Primary Keyword,Secondary Keywords,Location,Business Name
SEO services in Thane,SEO company near me,Thane,BestoSEO Solutions
Best digital marketing agency in Thane,Digitial Makreting Company in Thane,Thane,BestoSEO Solutions
Social media marketing in Thane,SMM agency in Thane,Thane,BestoSEO Solutions
Google ads agency in Thane,PPC services near me,Thane,BestoSEO Solutions
Website development company in Thane,Web developers near me,Thane,BestoSEO Solutions
PPC management in Thane,Pay per click agency in Thane,Thane,BestoSEO Solutions
Local SEO in Thane,Local business SEO,Thane,BestoSEO Solutions
Online reputation management in Thane,Reputation management company,Thane,BestoSEO Solutions
Content marketing agency in Thane,Content creation agency near me,Thane,BestoSEO Solutions
Email marketing in Thane,Email automation services,Thane,BestoSEO Solutions
Affordable SEO company in Thane,Budget SEO packages,Thane,BestoSEO Solutions
Web design agency in Thane,Custom website design in Thane,Thane,BestoSEO Solutions
Lead generation agency in Thane,Lead generation services,Thane,BestoSEO Solutions
Influencer marketing in Thane,Influencer marketing near me,Thane,BestoSEO Solutions
Facebook ads agency in Thane,Facebook marketing company,Thane,BestoSEO Solutions
Instagram marketing services in Thane,Instagram growth agency,Thane,BestoSEO Solutions
Ecommerce SEO in Thane,Ecommerce marketing expert,Thane,BestoSEO Solutions
Performance marketing agency in Thane,Performance ads in Thane,Thane,BestoSEO Solutions
Digital branding in Thane,Brand marketing agency,Thane,BestoSEO Solutions
SEO optimization expert in Thane,SEO expert near me,Thane,BestoSEO Solutions